hoy, john, xhnebenz@jumpstartlab.com, 78705, austin, tx, 300 e 30th st apt 304, 5126732000
dayananda, john, kyllacamerak@jumpstartlab.com, 40206, louisville, ky, 513 emery rd., 5027410000
dowd, john, sellistarena@jumpstartlab.com, 16142, new wilmington, pa, 203 e. neshannock, 7243443000
buckner, john, hhrosl08@jumpstartlab.com, 27514, chapel hill, nc, 101 stadium drive, 9193895000
bishop, john, dpichard@jumpstartlab.com, 13323, clinton, ny, 198 college hill road, 9085280000
cooray, john, emcallum@jumpstartlab.com, 45701, athens, oh, 46 east green street (room 449), 4402219000
huber, john, nileyd@jumpstartlab.com, 21521, cumberland, md, 60 pershing st, 3016897000
hall, john, rmates6601@jumpstartlab.com, 01602, worcester, ma, 266 olean st., 5087521000
klar, john, cyaison@jumpstartlab.com, 53715, madison, wi, 1315 bowen court, 6512141000
honani, john, jtmiller@jumpstartlab.com, 30322, atlanta, ga, 586 asbury crircle, 2392468000
mclaughlin, john, shrnisar@jumpstartlab.com, 17837, lewisburg, pa, 701 moore ave box 1207, 9148821000
white, john, jlex.vlasic@jumpstartlab.com, 14850, ithaca, ny, 601 first st, 3036532000
dolstad, john, evff.bessette@jumpstartlab.com, 14051, east amherst, ny, 8345 clarnew dr., 7164001000
wikler, john, ick15@jumpstartlab.com, 27104, winston salem, nc, 510 straffordshire rd., 3365292000
venegas, john, renielgr@jumpstartlab.com, 14850, ithaca, ny, 881 boswick, 6075920000
copenhaver, john, oteastes@jumpstartlab.com, 11731, east northport, ny, 426 5th street, 6313576000
bigwood, john, vpm.odonnell@jumpstartlab.com, 24153, salem, va, roanoke college, 4042185000
sharrow, john, gqix.haber@jumpstartlab.com, 00000, johannesburg, south africa, pw, 86 7th ave, melville,, 27797440000
ng, john, gcrinemea77@jumpstartlab.com, 95060, santa cruz, ca, 1145 laurel st, 323703000
eller, john, hxshifle@jumpstartlab.com, 08544, princeton, nj, 1056 frist center, 6092717000
white, john, obtrinah@jumpstartlab.com, 37916, knoxville, tn, 1714 grand ave. apt. 124, 6153375000
cannon, john, fdmiller@jumpstartlab.com, 28607, boone, nc, college st., 9193575000
tough, john, je_bro1@jumpstartlab.com, 97330, corvallis, or, 1250 nw 23rd street apt 8, 5414303000
kerner, john, jil6@jumpstartlab.com, 08544, princeton, nj, frist, 5852011000
fink, john, stiorio@jumpstartlab.com, 20686, st. mary's city, md, 16800 point lookout rd., 3213215000
mcmeekin, john, idnielsaintfelix@jumpstartlab.com, 28804, asheville, nc, 1 university hts, 3362028000
jahne, john, qyieff@jumpstartlab.com, 20686, st marys city, md, 16800 point lookout rd, 5555555000
regan, john, sfnghandong@jumpstartlab.com, 02138, cambridge, ma, 1815 harvard yard mail ctr, 2485354000
freer, john, oynko1721@jumpstartlab.com, 32303, tallahassee, fl, 510 e. 7th ave., 7579713000
bicknell, john, lqhfksfklgkljgrskj@jumpstartlab.com, 32303, tallahassee, fl, 510 e. 7th ave., 7579713000
jacobi, john, tyneskaroluk@jumpstartlab.com, 23185, williamsburg, va, 600 ukrop way, 7036254000
judkins, john, mjjones7@jumpstartlab.com, 01824, chelmsford, ma, 25 cathy road, 6172908000
wasserman, john, flintessential_reflection@jumpstartlab.com, 01267, williamstown, ma, 2437 paresky, 8283800000
begay, john, anhevalier@jumpstartlab.com, 22213, arlington, va, 2515 n. winchester st, 7032315000
rivera, john, wxma.jones@jumpstartlab.com, 17815, bloomsburg, pa, 400 east second st., 5706375000
gassam, john, vmug.bojack@jumpstartlab.com, 17815, bloomsburg, pa, 400 east second st., 4843254000
gans, john, kgtrano@jumpstartlab.com, 28407, wilmington, nc, uncw station cb# 20360, 9195383000
kidder, john, gmk1@jumpstartlab.com, 23185, williamsburg, va, 1203 jamestown road, apt b4, 5404470000
gallagher, john, llarunchia001@jumpstartlab.com, 11365, fresh meadows, ny, 71-72 162nd st, 8459887000
walker, john, uaazarus@jumpstartlab.com, 05401, bulington, vt, 203 south willard st, 9732706000
westwood, john, ngelacolwell@jumpstartlab.com, 21218, baltimore, md, 3301 n charles st., 6173650000
asher, john, xlm2@jumpstartlab.com, 02155, medford, ma, 328 houston hall, tufts university, 2164020000
desanctis, john, vngallag@jumpstartlab.com, 24501, lynchburg, va, 1501 lakeside dr, 3028587000
loftis, john, jninr5467@jumpstartlab.com, 28804, asheville, nc, 1 university hts, 3362028000
macdonald, john, ejeliat@jumpstartlab.com, 37604, johnson city, tn, 512 e watauga ave, 8655851000
raiho, john, gpn@jumpstartlab.com, 04102, portland, me, 272 danforth st., 7183054000
tuck, john, tbolkart@jumpstartlab.com, 04901, waterville, me, 7911 mayflower hill, 7183054000
popovitch, john, clorzana@jumpstartlab.com, 02138, cambridge, ma, 1112 harvard yard mail center, 7163927000
catsos, john, vqlochowr@jumpstartlab.com, 48823, east lansing, mi, 239 oakhill, 2313574000
stork, john, pmilla10@jumpstartlab.com, 50014, ames, ia, 303 welch ave, 7128983000
abdulkarim, john, iwbaugh@jumpstartlab.com, 19149, philadelphia, pa, 1434 elbridge st, 2157434000
dubose, john, leonia@jumpstartlab.com, 15206, pittsburgh, pa, 140 stratford ave, 7183054000
zeller, john, eyudartj@jumpstartlab.com, 20036, washington, dc, 1608 rhode island ave, nw, 8057662000
farshchi, john, kjerations@jumpstartlab.com, 26501, morgantown, wv, 8 1/2 charleston, 3042908000
fox, john, lqn1@jumpstartlab.com, 14260, buffalo, ny, 350 student union, university at buffalo, 7168689000
alexander, john, ep.collier@jumpstartlab.com, 49006, kalamazoo, mi, academy, 5128267000
rosenkvist, john, qpancey@jumpstartlab.com, 28403, wilmington, nc, 64654654, 0
corkins, john, kjya.courtney@jumpstartlab.com, 04240, lewiston, me, bates, 9143204000
kittner, john, vfvaruss_campbell@jumpstartlab.com, 23185, williamsburg, va, csu 3873 po box 8793, 7038620000
dyment, john, lqeisler@jumpstartlab.com, 40741, london, ky, 216 johnson addition, 6068624000
mceachern, john, lqorej8@jumpstartlab.com, 10708, bronxville, ny, 1 rivermere, apt. 1b, 9143251000
wells, john, slnielleariel@jumpstartlab.com, 14450, fairport, ny, 2 vineyard hill, 5854512000
dowley, john, bx14@jumpstartlab.com, 94705, berkeley, ca, 2219 ward st, 5748505000
